<?xml version="1.0" encoding="UTF-8"?>
<configurationDescriptor version="39">
  <logicalFolder name="root" displayName="root" projectFiles="true">
    <logicalFolder name="HeaderFiles"
                   displayName="Header Files"
                   projectFiles="true">
      <itemPath>Enact.h</itemPath>
      <itemPath>Enactage.h</itemPath>
      <itemPath>enactEL.h</itemPath>
      <itemPath>interestact.h</itemPath>
      <itemPath>IsImplies.h</itemPath>
      <itemPath>LEEType.h</itemPath>
      <itemPath>locationact.h</itemPath>
      <itemPath>temporalrank.h</itemPath>
    </logicalFolder>
    <logicalFolder name="ResourceFiles"
                   displayName="Resource Files"
                   projectFiles="true">
    </logicalFolder>
    <logicalFolder name="SourceFiles"
                   displayName="Source Files"
                   projectFiles="true">
      <itemPath>Enact.cc</itemPath>
      <itemPath>Enactage.cc</itemPath>
      <itemPath>enactEL.cc</itemPath>
      <itemPath>interestact.cc</itemPath>
      <itemPath>IsImplies.cc</itemPath>
      <itemPath>LeeMain.cc</itemPath>
      <itemPath>locationact.cc</itemPath>
      <itemPath>temporalrank.cc</itemPath>
    </logicalFolder>
    <logicalFolder name="ExternalFiles"
                   displayName="Important Files"
                   projectFiles="false">
      <itemPath>Makefile</itemPath>
    </logicalFolder>
  </logicalFolder>
  <projectmakefile>Makefile</projectmakefile>
  <confs>
    <conf name="Debug" type="1">
      <toolsSet>
        <compilerSet>GNU</compilerSet>
        <cRequired>true</cRequired>
        <cppRequired>true</cppRequired>
        <fortranRequired>false</fortranRequired>
        <platform>2</platform>
      </toolsSet>
      <compileType>
        <linkerTool>
          <linkerLibItems>
          </linkerLibItems>
        </linkerTool>
      </compileType>
      <item path="Enact.cc">
        <itemTool>1</itemTool>
      </item>
      <item path="Enact.h">
        <itemTool>3</itemTool>
      </item>
      <item path="Enactage.cc">
        <itemTool>1</itemTool>
      </item>
      <item path="Enactage.h">
        <itemTool>3</itemTool>
      </item>
      <item path="IsImplies.cc">
        <itemTool>1</itemTool>
      </item>
      <item path="IsImplies.h">
        <itemTool>3</itemTool>
      </item>
      <item path="LEEType.h">
        <itemTool>3</itemTool>
      </item>
      <item path="LeeMain.cc">
        <itemTool>1</itemTool>
      </item>
      <item path="enactEL.cc">
        <itemTool>1</itemTool>
      </item>
      <item path="enactEL.h">
        <itemTool>3</itemTool>
      </item>
      <item path="interestact.cc">
        <itemTool>1</itemTool>
      </item>
      <item path="interestact.h">
        <itemTool>3</itemTool>
      </item>
      <item path="locationact.cc">
        <itemTool>1</itemTool>
      </item>
      <item path="locationact.h">
        <itemTool>3</itemTool>
      </item>
      <item path="temporalrank.cc">
        <itemTool>1</itemTool>
      </item>
      <item path="temporalrank.h">
        <itemTool>3</itemTool>
      </item>
    </conf>
    <conf name="Release" type="1">
      <toolsSet>
        <compilerSet>GNU</compilerSet>
        <cRequired>true</cRequired>
        <cppRequired>true</cppRequired>
        <fortranRequired>false</fortranRequired>
        <platform>2</platform>
      </toolsSet>
      <compileType>
        <cCompilerTool>
          <developmentMode>5</developmentMode>
        </cCompilerTool>
        <ccCompilerTool>
          <developmentMode>5</developmentMode>
        </ccCompilerTool>
        <fortranCompilerTool>
          <developmentMode>5</developmentMode>
        </fortranCompilerTool>
        <linkerTool>
          <linkerLibItems>
          </linkerLibItems>
        </linkerTool>
      </compileType>
      <item path="Enact.cc">
        <itemTool>1</itemTool>
      </item>
      <item path="Enact.h">
        <itemTool>3</itemTool>
      </item>
      <item path="Enactage.cc">
        <itemTool>1</itemTool>
      </item>
      <item path="Enactage.h">
        <itemTool>3</itemTool>
      </item>
      <item path="IsImplies.cc">
        <itemTool>1</itemTool>
      </item>
      <item path="IsImplies.h">
        <itemTool>3</itemTool>
      </item>
      <item path="LEEType.h">
        <itemTool>3</itemTool>
      </item>
      <item path="LeeMain.cc">
        <itemTool>1</itemTool>
      </item>
      <item path="enactEL.cc">
        <itemTool>1</itemTool>
      </item>
      <item path="enactEL.h">
        <itemTool>3</itemTool>
      </item>
      <item path="interestact.cc">
        <itemTool>1</itemTool>
      </item>
      <item path="interestact.h">
        <itemTool>3</itemTool>
      </item>
      <item path="locationact.cc">
        <itemTool>1</itemTool>
      </item>
      <item path="locationact.h">
        <itemTool>3</itemTool>
      </item>
      <item path="temporalrank.cc">
        <itemTool>1</itemTool>
      </item>
      <item path="temporalrank.h">
        <itemTool>3</itemTool>
      </item>
    </conf>
  </confs>
</configurationDescriptor>
